{
  "n": 38,
  "ai_distribution": {
    "1": 6,
    "2": 8,
    "3": 8,
    "4": 8,
    "5": 8
  },
  "pairs": [
    {
      "pair": "Lewis vs Ayman",
      "exact_agreement_pct": 26.31578947368421,
      "exact_agreement_ci": [
        14.971462389701296,
        42.009150206375324
      ],
      "pearson_r": 0.258637679972744,
      "pearson_ci": [
        -0.0665480082849369,
        0.5341558730282868
      ],
      "cohen_kappa": -0.03100775193798443,
      "weighted_kappa_linear": 0.08701298701298668
    },
    {
      "pair": "Ayman vs AI",
      "exact_agreement_pct": 28.947368421052634,
      "exact_agreement_ci": [
        17.003106263656132,
        44.757438266189766
      ],
      "pearson_r": 0.4963992725794216,
      "pearson_ci": [
        0.21004866260928085,
        0.7043145411702924
      ],
      "cohen_kappa": 0.10314685314685318,
      "weighted_kappa_linear": 0.2808764940239044
    },
    {
      "pair": "Lewis vs AI",
      "exact_agreement_pct": 28.947368421052634,
      "exact_agreement_ci": [
        17.003106263656132,
        44.757438266189766
      ],
      "pearson_r": 0.4349656912296979,
      "pearson_ci": [
        0.13390151468026837,
        0.6625242005749611
      ],
      "cohen_kappa": 0.10157618213660247,
      "weighted_kappa_linear": 0.2431052093973437
    }
  ],
  "distributions": {
    "ldg": {
      "1": 1,
      "2": 6,
      "3": 14,
      "4": 13,
      "5": 4
    },
    "ayman": {
      "1": 2,
      "2": 2,
      "3": 19,
      "4": 8,
      "5": 7
    },
    "ai": {
      "1": 6,
      "2": 8,
      "3": 8,
      "4": 8,
      "5": 8
    }
  }
}